OrganizationId;Name
962378064;AVERØY KOMMUNE
964963916;HÆGEBOSTAD KOMMUNE
964964343;NISSEDAL KOMMUNE
940898862;FLESBERG KOMMUNE
940400392;LEBESBY KOMMUNE
945468661;LØDINGEN KOMMUNE
941087957;MÅSØY KOMMUNE
940192692;TRÆNA KOMMUNE
938795592;BÅTSFJORD KOMMUNE
961381274;GAUSDAL KOMMUNE
964963649;HJARTDAL KOMMUNE
937697767;HOLTÅLEN KOMMUNE
959469792;IBESTAD KOMMUNE
921060440;LINDESNES KOMMUNE
964981892;SURNADAL KOMMUNE
940152496;ÅMOT KOMMUNE
864993982;BARDU KOMMUNE
844458312;BJØRNAFJORDEN KOMMUNE
834210622;BØMLO KOMMUNE
864994032;DYRØY KOMMUNE
864968422;FJALER KOMMUNE
863320852;FLAKSTAD KOMMUNE
845153272;FLATANGER KOMMUNE
817263992;FÆRDER KOMMUNE
845901422;GILDESKÅL KOMMUNE
864949762;GJERDRUM KOMMUNE
864964702;GRIMSTAD KOMMUNE
829912252;HARAM KOMMUNE
846316442;HEMNES KOMMUNE
872417982;HERØY KOMMUNE
864979092;HJELMELAND KOMMUNE
864966012;IVELAND KOMMUNE
820956532;KINN KOMMUNE
864969682;KLEPP KOMMUNE
820852982;KRISTIANSAND KOMMUNE
857566122;LIER KOMMUNE
820710592;LILLESTRØM KOMMUNE
840014932;LYNGEN KOMMUNE IVGU SUOHKAN YYKEÄN KUNTA
842566142;LØRENSKOG KOMMUNE
835231712;MERÅKER KOMMUNE
864982212;NAMSSKOGAN KOMMUNE
839893132;NORD-FRON KOMMUNE
861381722;NORDRE LAND KOMMUNE
864338712;OSTERØY KOMMUNE
872418032;RANA KOMMUNE
864980902;RAUMA KOMMUNE
864950582;RINGSAKER KOMMUNE
822534422;SANDE KOMMUNE
864953042;SILJAN KOMMUNE
847737492;SORTLAND KOMMUNE / SUORTTÁ SOUHKAN
840029212;STEINKJER KOMMUNE
864967272;SVEIO KOMMUNE
859223672;TIME KOMMUNE
864963552;TINN KOMMUNE
864948502;TRYSIL KOMMUNE
864983472;TYDAL KOMMUNE
839953062;UNJARGGA GIELDA / NESSEBY KOMMUNE
844824122;VEFSN KOMMUNE
871034222;VÅLER KOMMUNE
845152012;ØKSNES KOMMUNE
864952992;ÅL KOMMUNE
864965962;ÅMLI KOMMUNE
920290922;ALVER KOMMUNE
920125298;ASKER KOMMUNE
948164256;AURSKOG-HØLAND KOMMUNE
948350823;AUSTRHEIM KOMMUNE
972418013;BODØ KOMMUNE
935478715;BÆRUM KOMMUNE
933277461;DRANGEDAL KOMMUNE
952857991;ELVERUM KOMMUNE
972418021;FAUSKE KOMMUNE
934266811;GAMVIK KOMMUNE
972417971;HARSTAD KOMMUNE / HÁRSTTÁID SUOHKAN
917151229;HOLMESTRAND KOMMUNE
920123899;INDRE ØSTFOLD KOMMUNE
972417998;KVÆFJORD KOMMUNE
918082956;LARVIK KOMMUNE
972417963;LIERNE KOMMUNE
954681890;LÆRDAL KOMMUNE
971035560;MALVIK KOMMUNE
920297293;MIDT-TELEMARK KOMMUNE
972418005;MÅLSELV KOMMUNE
971643870;NITTEDAL KOMMUNE
934945514;RANDABERG KOMMUNE
952540556;RÆLINGEN KOMMUNE
972417734;SALTDAL KOMMUNE
971197609;SELBU KOMMUNE
948243113;SOLA KOMMUNE
972417750;SØRFOLD KOMMUNE
933649768;ULLENSAKER KOMMUNE
920500633;ULLENSVANG KOMMUNE
971159928;ULVIK HERAD
972418048;VARDØ KOMMUNE
936846777;VENNESLA KOMMUNE
971028300;VESTRE TOTEN KOMMUNE
954597482;ØVRE EIKER KOMMUNE
929911709;ÅLESUND KOMMUNE
954679721;ÅRDAL KOMMUNE
916882807;SANDEFJORD KOMMUNE
938712441;ALSTAHAUG KOMMUNE
944588132;ALTA KOMMUNE
939984194;ALVDAL KOMMUNE
945624809;ANDØY KOMMUNE
940875560;AREMARK KOMMUNE
940493021;ARENDAL KOMMUNE
941139787;AUSTEVOLL KOMMUNE
940208580;BALSFJORD KOMMUNE
940244145;BAMBLE KOMMUNE
945452676;BØ KOMMUNE
943505527;DEANU GIELDA / TANA KOMMUNE
939849831;DOVRE KOMMUNE
921234554;DRAMMEN KOMMUNE
945114878;DØNNA KOMMUNE
944227121;EIDFJORD KOMMUNE
944496394;EIGERSUND KOMMUNE
933038173;ETNEDAL KOMMUNE
940642140;EVENES KOMMUNE / EVENÁSSI SUOHKAN
944041036;FEDJE KOMMUNE
944073310;FITJAR KOMMUNE
921891687;FJORD KOMMUNE
939885684;FOLLDAL KOMMUNE
940039541;FREDRIKSTAD KOMMUNE
946439045;FROLAND KOMMUNE
944482253;FROSTA KOMMUNE
939772766;FYRESDAL KOMMUNE
940363586;GAIVUONA SUOHKAN KÅFJORD KOMMUNE KAIVUONON KOMUUNI
940155223;GJØVIK KOMMUNE
940643112;GRANE KOMMUNE
940010853;GRONG KOMMUNE
938497524;GULEN KOMMUNE
945475056;GUOVDAGEAINNU SUOHKAN / KAUTOKEINO KOMMUNE
921770669;HAMMERFEST KOMMUNE
944716904;HATTFJELLDAL KOMMUNE
944073787;HAUGESUND KOMMUNE
920920004;HEIM KOMMUNE
938772924;HITRA KOMMUNE
944889116;HOL KOMMUNE
939780777;HURDAL KOMMUNE
921133642;HUSTADVIKA KOMMUNE
944439838;HØYANGER KOMMUNE
997391853;INDERØY KOMMUNE
944305483;INDRE FOSEN KOMMUNE
940330408;KARLSØY KOMMUNE
940791901;KARMØY KOMMUNE
942402465;KONGSBERG KOMMUNE
944117784;KONGSVINGER KOMMUNE
944233199;KVAM HERAD
940331102;KVÆNANGEN KOMMUNE
945034572;LEIRFJORD KOMMUNE
944484574;LEKA KOMMUNE
938587051;LEVANGER KOMMUNE
945578564;LILLEHAMMER KOMMUNE
940667852;LURØY KOMMUNE
922421498;LYNGDAL KOMMUNE
945627913;MASFJORDEN KOMMUNE
938726027;MELHUS KOMMUNE
921221967;MOLDE KOMMUNE
945962151;MOSKENES KOMMUNE
920817521;MOSS KOMMUNE
942875967;NAMSOS KOMMUNE
938679088;NES KOMMUNE
939600515;NESNA KOMMUNE
944383565;NESODDEN KOMMUNE
938469415;NORDKAPP KOMMUNE
922092648;NORDRE FOLLO KOMMUNE
943350833;NORDREISA KOMMUNE
938583986;NOTODDEN KOMMUNE
921785410;NÆRØYSUND KOMMUNE
921233418;ORKLAND KOMMUNE
943464723;OS KOMMUNE
944350675;OSEN KOMMUNE
939896600;OVERHALLA KOMMUNE
939991034;PORSGRUNN KOMMUNE
945372281;RAKKESTAD KOMMUNE
940028515;RENDALEN KOMMUNE
940083672;RENNEBU KOMMUNE
940138051;RINDAL KOMMUNE
939864970;RINGEBU KOMMUNE
940100925;RINGERIKE KOMMUNE
945717173;RØDØY KOMMUNE
939898743;RØROS KOMMUNE
945037687;RØST KOMMUNE
940802652;RÅDE KOMMUNE
938801363;SARPSBORG KOMMUNE
939617671;SEL KOMMUNE
921369417;SENJA KOMMUNE
939865942;SKAUN KOMMUNE
938759839;SKIEN KOMMUNE
941962726;SKIPTVET KOMMUNE
941812716;SKJERVØY KOMMUNE
945012986;SMØLA KOMMUNE
922121893;SOGNDAL KOMMUNE
921060157;STAD KOMMUNE
939958851;STJØRDAL KOMMUNE
939866914;STORD KOMMUNE
921244207;SUNNFJORD KOMMUNE
944810277;SØMNA KOMMUNE
941827195;SØR-FRON KOMMUNE
942110286;SØR-VARANGER KOMMUNE
940755603;SØRREISA KOMMUNE
940192404;TOLGA KOMMUNE
940101808;TROMSØ KOMMUNE
942110464;TRONDHEIM KOMMUNE
940837685;TYNSET KOMMUNE
921383681;TØNSBERG KOMMUNE
941017975;VEGA KOMMUNE
938587418;VERDAL KOMMUNE
943485437;VESTBY KOMMUNE
939901965;VESTNES KOMMUNE
942570619;VESTVÅGØY KOMMUNE
940651034;VEVELSTAD KOMMUNE
937498764;VIK KOMMUNE
939760946;VOLDA KOMMUNE
938644500;VÅGAN KOMMUNE
939607706;VÅGÅ KOMMUNE
921806027;ØRLAND KOMMUNE
939461450;ØRSTA KOMMUNE
922530890;ØYGARDEN KOMMUNE
921875533;ÅFJORD KOMMUNE
964968330;ASKVOLL KOMMUNE
964338442;ASKØY KOMMUNE
964981337;AUKRA KOMMUNE
964968063;AURLAND KOMMUNE
961147867;BEIARN KOMMUNE
964338531;BERGEN KOMMUNE
962388108;BERLEVÅG KOMMUNE
964983380;BINDAL KOMMUNE
964965870;BIRKENES KOMMUNE
970490361;BJERKREIM KOMMUNE
964979723;BOKN KOMMUNE
959318166;BREMANGER KOMMUNE
964983291;BRØNNØY KOMMUNE
964966397;BYGLAND KOMMUNE
958814968;BYKLE KOMMUNE
959469326;DIELDDANUORI SUOHKAN - TJELDSUND KOMMUNE
964948054;EIDSKOG KOMMUNE
964950113;EIDSVOLL KOMMUNE
964949581;ENEBAKK KOMMUNE
964948976;ENGERDAL KOMMUNE
959435375;ETNE KOMMUNE
964966109;EVJE OG HORNNES KOMMUNE
964083266;FARSUND KOMMUNE
964967369;FLEKKEFJORD KOMMUNE
964951462;FLÅ KOMMUNE
963999089;FROGN KOMMUNE
964982597;FRØYA KOMMUNE
964980721;GISKE KOMMUNE
964981426;GJEMNES KOMMUNE
964964998;GJERSTAD KOMMUNE
964978573;GJESDAL KOMMUNE
964969124;GLOPPEN KOMMUNE
964952612;GOL KOMMUNE
961381541;GRAN KOMMUNE
959469415;GRATANGEN KOMMUNE
964948143;GRUE KOMMUNE
958501420;HADSEL KOMMUNE
959159092;HALDEN KOMMUNE
970540008;HAMAR KOMMUNE
970542507;HAMARØY KOMMUNE
964979278;HAREID KOMMUNE
964830711;HASVIK KOMMUNE
964952701;HEMSEDAL KOMMUNE
964978840;HERØY KOMMUNE
960010833;HOLE KOMMUNE
964951284;HORTEN KOMMUNE
964947082;HVALER KOMMUNE
964967547;HYLLESTAD KOMMUNE
959220476;HØYLANDET KOMMUNE
964969590;HÅ KOMMUNE
961381363;JEVNAKER KOMMUNE
963376030;KARASJOGA GIELDA / KARASJOK KOMMUNE
963946902;KRAGERØ KOMMUNE
991891919;KRISTIANSUND KOMMUNE
964962855;KRØDSHERAD KOMMUNE
964964076;KVINESDAL KOMMUNE
964967636;KVINNHERAD KOMMUNE
964963827;KVITESEID KOMMUNE
964979634;KVITSØY KOMMUNE
959469881;LAVANGEN KOMMUNE LOABÁGA SUOHKAN
964949204;LESJA KOMMUNE
964965404;LILLESAND KOMMUNE
959377677;LOM KOMMUNE
963063237;LOPPA KOMMUNE
964966486;LUND KOMMUNE
961381452;LUNNER KOMMUNE
964968241;LUSTER KOMMUNE
964950679;LØTEN KOMMUNE
964944334;MARKER KOMMUNE
970189866;MELØY KOMMUNE
970187715;MIDTRE GAULDAL KOMMUNE
964969302;MODALEN KOMMUNE
970491589;MODUM KOMMUNE
964950202;NANNESTAD KOMMUNE
959469059;NARVIK KOMMUNE
964951640;NESBYEN KOMMUNE
964963371;NOME KOMMUNE
961381908;NORD-AURDAL KOMMUNE
964950768;NORD-ODAL KOMMUNE
964950946;NORE OG UVDAL KOMMUNE
964983003;OPPDAL KOMMUNE
958935420;OSLO KOMMUNE
959411735;PORSANGER KOMMUNE
964977402;RISØR KOMMUNE
964963282;ROLLAG KOMMUNE
964982120;RØYRVIK KOMMUNE
961416388;SALANGEN KOMMUNE
964968985;SAMNANGER KOMMUNE
964965137;SANDNES KOMMUNE
964979367;SAUDA KOMMUNE
964963738;SELJORD KOMMUNE
964962766;SIGDAL KOMMUNE
964964165;SIRDAL KOMMUNE
961381096;SKJÅK KOMMUNE
964982031;SNÅSA KOMMUNE
964965692;SOKNDAL KOMMUNE
964967458;SOLUND KOMMUNE
970169717;STANGE KOMMUNE
964965226;STAVANGER KOMMUNE
962299385;STEIGEN KOMMUNE
964948887;STOR-ELVDAL KOMMUNE
964994129;STORFJORD KOMMUNE
964978751;STRAND KOMMUNE
964980098;STRANDA KOMMUNE
963989202;STRYN KOMMUNE
964980543;SULA KOMMUNE
964979189;SULDAL KOMMUNE
964981604;SUNNDAL KOMMUNE
964980365;SYKKYLVEN KOMMUNE
961381630;SØNDRE LAND KOMMUNE
961381819;SØR-AURDAL KOMMUNE
964947716;SØR-ODAL KOMMUNE
964981515;TINGVOLL KOMMUNE
964964521;TOKKE KOMMUNE
964965781;TVEDESTRAND KOMMUNE
959412340;TYSNES KOMMUNE
964979812;TYSVÆR KOMMUNE
964979456;ULSTEIN KOMMUNE
964979901;UTSIRA KOMMUNE
964993602;VADSØ KOMMUNE
961821967;VAKSDAL KOMMUNE
964966575;VALLE KOMMUNE
961382246;VANG KOMMUNE
964978662;VANYLVEN KOMMUNE
964965048;VEGÅRSHEI KOMMUNE
961382157;VESTRE SLIDRE KOMMUNE
964964610;VINJE KOMMUNE
960510542;VOSS HERAD
964994307;VÆRØY KOMMUNE
959272581;VÅLER KOMMUNE
964949859;ØSTRE TOTEN KOMMUNE
961381185;ØYER KOMMUNE
961382068;ØYSTRE SLIDRE KOMMUNE
964948798;ÅS KOMMUNE
964966842;ÅSERAL KOMMUNE
964948232;ÅSNES KOMMUNE
988913898;AURE KOMMUNE
988893226;VINDAFJORD KOMMUNE